Model,AUC_PR,AUC_ROC,F1,Lift_10pct,Fraud_10pct
SQL ADV5 (rules),,,,2.62,26.23
Logistic Regression,0.12461275583836676,0.7219533429053854,0.18592765063319894,2.652681894123003,26.52593486127865
XGBoost V3,0.12433590112266428,0.7246260595311516,0.1925076765609007,2.6297619505175747,26.29674306393245
Isolation Forest,0.09735114791565984,0.6499268223548567,0.14391676110023693,2.162918888659638,21.628468033775633
